id,name,type_code,is_intervention,is_international
1,Franco-Spanish War,1,,
4,First Russo-Turkish,1,,
7,Mexican-American,1,,
10,Austro-Sardinian,1,,
13,First Schleswig-Holstein,1,,
16,Roman Republic,1,,
19,La Plata,1,,
22,Crimean,1,,
25,Anglo-Persian,1,,
28,Italian Unification,1,,
31,First Spanish-Moroccan,1,,
34,Italian-Roman,1,,
37,Neapolitan,1,,
40,Franco-Mexican,1,,
43,Ecuadorian-Colombian,1,,
46,Second Schleswig-Holstein,1,,
49,Lopez,1,,
52,Naval War,1,,
55,Seven Weeks,1,,
58,Franco-Prussian,1,,
60,First Central American,1,,
61,Second Russo-Turkish,1,,
64,War of the Pacific,1,,
65,Conquest of Egypt,1,,
67,Sino-French,1,,
70,Second Central American,1,,
73,First Sino-Japanese,1,,
76,Greco-Turkish,1,,
79,Spanish-American,1,,
82,Boxer Rebellion,1,,
83,Sino-Russian,1,,
85,Russo-Japanese,1,,
88,Third Central American,1,,
91,Fourth Central American,1,,
94,Second Spanish-Moroccan,1,,
97,Italian-Turkish,1,,
100,First Balkan,1,,
103,Second Balkan,1,,
106,World War I,1,,
107,Estonian Liberation,1,,
108,Latvian Liberation,1,,
109,Russo-Polish,1,,
112,Hungarian Adversaries,1,,
115,Second Greco-Turkish,1,,
116,Franco-Turkish,1,,
117,Lithuanian-Polish,1,,
118,Manchurian,1,,
121,Second Sino-Japanese,1,,
124,Chaco,1,,
125,Saudi-Yemeni,1,,
127,Conquest of Ethiopia,1,,
130,Third Sino-Japanese,1,,
133,Changkufeng,1,,
136,Nomonhan,1,,
139,World War II,1,,
142,Russo-Finnish,1,,
145,Franco-Thai,1,,
147,First Kashmir,1,,
148,Arab-Israeli,1,,
151,Korean,1,,
153,Off-shore Islands,1,,
155,Sinai War,1,,
156,Soviet Invasion of Hungary,1,,
158,IfniWar,1,,
159,Taiwan Straits,1,,
160,Assam,1,,
163,"Vietnam War, Phase 2",1,,
166,Second Kashmir,1,,
169,Six Day War,1,,
170,"Second Laotian, Phase 2",1,,
172,War of Attrition,1,,
175,Football War,1,,
176,Communist Coalition,1,,
178,Bangladesh,1,,
181,Yom Kippur War,1,,
184,Turco-Cypriot,1,,
186,War over Angola,1,,
187,"Second Ogaden War, Phase 2",1,,
189,Vietnamese-Cambodian,1,,
190,Ugandian-Tanzanian,1,,
193,Sino-Vietnamese Punitive,1,,
199,Iran-Iraq,1,,
202,Falkland Islands,1,,
205,War over Lebanon,1,,
207,War over the Aouzou Strip,1,,
208,Sino-Vietnamese Border War,1,,
211,Gulf War,1,,
215,Bosnian Independence,1,,
216,Azeri-Armenian,1,,
217,Cenepa Valley,1,,
219,Badme Border,1,,
221,War for Kosovo,1,,
223,Kargil War,1,,
225,Invasion of Afghanistan,1,,
227,Invasion of Iraq,1,,
500,First Caucasus War of 1818-1822,5,,False
502,First Two Sicilies War of 1820-1821,4,,True
502.1,Ali Pasha Rebellion of 1820-1822,5,,False
503,Sardinian Revolt of 1821,4,,True
504,Greek Independence War of 1821-1828,5,,True
504.3,Sidon-Damascus War of 1821-1822,6,,False
505,Spanish Royalists War of 1821-1823,4,,False
507,Egypt-Mehdi War of 1824,6,,False
507.5,Greater Chechnya Revolt of 1825-1826,5,,False
508,Janissari Revolt of 1826,4,,False
511,First Murid War of 1830-1832,5,,False
512,First Albanian Revolt of 1830-1832,5,,False
513,First French Insurrection of 1830,4,,False
515,Belgian Independence War of 1830,5,,False
516,Egyptian Taka Expedition of 1831,6,,False
517,First Polish War of 1831,5,,False
518,First Syrian War of 1831-1832,5,,False
520,First Mexican War of 1832,4,,False
520.3,Cabanada War of 1832-1835,4,,False
520.5,Miguelite War of 1832-1834,4,,True
521,Palestinian Anti-Conscription Revolt of 1834,6,,False
522,First Carlist War of 1834-1840,4,,True
523,Second Murid War of 1834,5,,False
525,Cabanos Revolt of 1835-1837,5,,False
525.5,Zacatecas Rebellion of 1835,4,,False
526,Farroupilha War of 1835-1845,5,,False
527,Texan War of 1835-1836,5,,False
528,First Bosnian War of 1836,5,,False
530,Third Murid War of 1836-1852,5,,False
531,Sabinada Rebellion of 1837-1838,5,,False
532,Druze Rebellion of 1837-1838,6,,False
532.5,Tampico Revolt of 1838-1839,4,,False
532.7,Balaiada Revolt of 1838-1841,5,,False
533,Second Syrian War of 1839,5,,False
535,Lebanon Insurgency of 1840,6,,False
536,First Colombian War of 1840-1842,4,,False
537,Third Syrian War of 1840-1841,5,,True
538,First Argentina War phase 2 of 1841-1842,4,,False
539,Nish Uprising of 1841,5,,False
540,Second Bosnian War of 1841,5,,False
541,Triangular Revolt of 1841,4,,False
541.2,First Maronite-Druze War of 1841,7,,False
542,Karbala Revolt of 1842-1843,5,,False
543,Second Maronite-Druze War of 1845,7,,False
544,Patuleia War of 1846-1847,4,,True
545,Mayan Caste War phase 1 of 1847-1848,6,,False
546,Second Carlist War of 1847-1849,4,,False
547,Second Two Sicilies War of 1848-1849,4,,False
548, First Venezuela War of 1848-1849,4,,False
549,Second French Insurrection of 1848,4,,False
550,Viennese Revolt of 1848,4,,False
551,Milan Five Day Revolt of 1848,5,,False
553,Mayan Caste War phase 2 of 1848-1855,5,,False
554,Hungarian War of 1848-1849,5,,True
554.3,Third Bosnian War of 1850-1851,5,,False
554.5,Aleppo Revolt of 1850,5,,False
555,First Chilean War of 1851-1852,4,,False
555.8,Druze Rebellion of 1852,5,,False
556,First Turco-Montenegrin War of 1852-1853,5,,False
557,Peruvian Liberal Revolution of 1853-1855,4,,False
557.1,Epirus Revolt of 1854,5,,False
557.2,Greek Nationalists of Macedonia War of 1854,5,,False
557.3,Colombia's Barracks Rebellion of 1854 ,4,,False
557.8,Barquisimeto Rebellion of 1854,4,,False
557.9,Libyan Insurrection of 1855-1856,5,,False
558,Puebla War of 1855-1856,4,,False
560,Second Peru War of 1856-1858,4,,False
561,Mexican Reform of 1858-1861,4,,False
562,Second Turco-Montenegrin War of 1858,5,,False
562.5,Constituent Revolution  of 1859,4,,False
563,Venezuelan Federal War of 1859-1863,4,,False
565,Third Colombian War of 1860-1862,4,,False
566,Third Maronite-Druze War of 1860,7,,False
567,Taiping Rebellion phase 2 of 1860-1866,4,,True
568,Second Nien Revolt  of 1860-1868,5,,False
570,Miao Rebellion phase 2 of 1860-1872,5,,False
571,Panthay Rebellion phase 2 of 1860-1874,5,,False
572,U.S. Civil War of 1861-1865,5,,False
573,Third Buenos Aires War of 1861-1862,4,,False
575,Third Turco-Montenegrin War of 1861-1862,5,,False
576,Tungan Rebellion of 1862-1873,5,,False
577,Minnesota-Sioux War of 1862,6,,False
578,Bolivan Perez Rebellion of 1862,4,,False
579,Second Polish War of 1863-1864,5,,False
580,Second Argentina War of 1863,4,,False
580.5,Bandit War of 1863,5,,False
581,Sahil Revolt of 1864-1865,5,,False
582,Xinjiang Muslim Revolt of 1864-1866,5,,False
582.3,Kanto Insurrection of 1864-1865,4,,False
582.5,Constitutionalist Rebellion of 1865-1866,4,,False
583,First Cretan War of 1866-1868,5,,False
585,Yellow Cliff Revolt of 1866,5,,False
586,Third Argentina War of 1866-1867,4,,False
586.5,Kashgar-Khotan War of 1867,7,,False
587,Queretaro War of 1867,4,,False
587.8,Venezualan Blue Revolution of 1867-1868,4,,False
588,Meiji Restoration of 1868-1869,4,,False
591,Spainish Liberals War of 1868,4,,False
592,Guerre des Cacos of 1868-1869,4,,False
592.5,Venezuelan Yellow Revolution of 1869-1872,4,,False
592.7,First Kashgarian - Tungan War of 1870,7,,False
593, First Entre Rios War of 1870-1871,5,,False
595,Bolivia-Criollos War of 1870-1871,4,,False
596,Paris Commune War of 1871,4,,False
596.7,Second Kashgarian - Tungan War of 1871-1872,7,,False
597,Third Carlist War of 1872-1876,4,,False
597.5,Second Entre Rios War of 1873,5,,False
598,Catonalist Uprising of 1873-1874,5,,False
600,Mitre Rebellion of 1874,4,,False
601,Bosnia and Bulgaria Revolt of 1875-1876,5,,False
602,Diaz Revolt of 1876,4,,False
603,Defeat of Xinjiang Muslims of 1876-1878,5,,False
605,Fourth Colombian War of 1876-1877,4,,False
606,Ecuador's Veintemilla Revolt of 1876,4,,False
607,Satsuma Rebellion of 1877,4,,False
608,Argentine Indians War of 1878-1879,5,,False
609,Revindication War of 1879,4,,False
610,Fourth Buenos Aires War of 1880,5,,False
610.5,Mahdist Rebellion phase 1 of 1881-1882,5,,False
611,Haitian Civil War of 1883-1884,4,,False
612,Fifth Colombian War of 1884-1885,4,,False
613,Peru's National Problem of 1885,5,,False
616,First Yemeni Imamate  Rebellion of 1890-1892,5,,False
616.5,Campos Mutiny of 1890,4,,False
617,Chilean Congressist War of 1891,4,,False
618,Zaili-Jinden Revolt of 1891,4,,False
619,Venezuela's Legalist Revolution of 1892 ,4,,False
620,Brazil Federalists War of 1893-1894,4,,False
621,Brazil Naval War of 1893-1894,4,,False
623,Tonghak Rebellion phase 1 of 1894,5,,True
625,Third Peru War of 1894-1895,4,,False
626,Sixth Colombian War of 1895,4,,False
627,Ecuador Liberals War of 1895,4,,False
628,First Gansu Muslim War of 1895-1896,5,,False
630,Druze Rebellion of 1895-1896,5,,False
630.2,Armenian Hunchak Uprising of 1895-1896,5,,False
631,Second Cretan War of 1896-1897,5,,False
631.5,Ecuadorian Conservative Revolt of 1896,4,,False
632,Canudos Revolt of 1896-1897,5,,False
632.3,Revoluci√≥n de Queipa of 1898,4,,False
632.6,Second Yemeni Imamate Rebellion of 1898-1899,5,,False
633,Fourth Venezuelan War of 1899,4,,False
635,Second Yaqui War of 1899-1900,5,,False
636,Colombian War of the Thousand Days of 1899-1902,4,,True
637,Quintana Roo War of 1899-1901,5,,False
638,Fifth Venezuelan War of 1901-1903,4,,False
639,Third Yemeni Imamate Rebellion of 1902-1906,5,,False
640,Ilinden War of 1902-1903,5,,False
641,First Uruguay War of 1904,4,,False
641.5,Saudi Revolt of 1904 ,5,,False
643,Bloody Sunday War of 1905-1906,4,,False
645,Romanian Peasant Revolt of 1907,4,,False
646,Hafiziyya Uprising of 1907-1908,4,,True
647,Iranian Constitution War of 1908-1909,4,,True
647.5,Asir-Yemen Revolt of 1909-1911,5,,False
648,Young Turks Counter-Coup of 1909,4,,False
649,Bluefields Insurrection of 1909-1910,4,,False
650,Second Albanian Revolt of 1910-1912,5,,False
650.8,Hawran Druze Rebellion of 1910 ,5,,False
652,Third Mexican War of 1910-1914,4,,True
656,Paraguayan Radical Liberal Rebellion of 1911-1912,4,,False
657,First Nationalist Revolution of 1911,4,,False
657.3,War of  Ecuadorian Generals of 1912,4,,False
658,Cuban Black Uprising of 1912,5,,False
665,Second Nationalist Revolution of 1913,5,,False
667,Ecuadorian Civil War of 1913-1916,4,,False
672,China Pai Ling (White Wolf) War of 1914,5,,False
672.5,Contestado Rebellion of 1914-1915,5,,False
673,Fourth Mexican War of 1914-1920,4,,True
674,Anti-Monarchy War of 1915-1916,4,,False
675,Russian Turkestan Revolt of 1916-1917,5,,False
675.5,Negus Mikael Revolt of 1916-1917,4,,False
676,First Yunnan-Sichuan War of 1917,6,,False
676.5,Southern China Revolt of 1917-1918,5,,False
677,Russian Civil War of 1917-1920,4,,True
680,Finnish Civil War of 1918,4,,True
681,Western Ukrainian War of 1918-1919,6,,True
682,Sparticist Rising of 1919,7,,False
683,Hungary's Red and White Terror of 1919-1920,4,,False
684,Second Yunnan-Sichuan War of 1920,6,,False
684.5,Gilan Marxists Rebellion of 1920-1921,4,,True
685,Zhili-Anfu War of 1920,7,,False
685.5,Dagestan Rebellion of 1920-1921,5,,False
686,Green Rebellion of 1920-1921,5,,False
687,Bashmachi in Turketsan Revolt of 1920-1924,5,,False
688,Italian Fascist War of 1920-1922,7,,False
689,Simko Rebellion of 1921-1922,5,,False
690,Kronstadt Rebellion of 1921,4,,False
691,Far Eastern Republic War of 1921-1923,4,,False
692,First Zhili-Fengtien War of 1922,4,,False
693,Agrarian Rising of 1923,4,,False
695,De La Huerta Rebellion of 1923-1924,4,,False
696,Honduran Conservative War of 1924,4,,False
697,First Afghan Anti-Reform War of 1924-1925,4,,False
697.3,Second Zhili-Fengtien War  of 1924,4,,True
697.6,Shaikh Said's Rebellion of 1925,5,,False
697.8,Labrang War of 1925-1926,7,,False
698,Anti-Fengtien War of 1925-1926,7,,False
700,Chinese Northern Expedition of 1926-1928,4,,True
701,Cristeros Revolt of 1926-1929,4,,False
702,First KMT-CCP War of 1927,7,,False
702.5,Second Gansu Muslim Revolt of 1928-1929,5,,False
703,Ethiopian Northern Resistance of 1928-1930,5,,False
705,Second Afghan Anti-Reform War of 1928-1929,4,,False
707,Escobar Rebellion of 1929,4,,False
707.3,Ikhwan Revolt of 1929-1930,4,,False
707.5,Central Plains War of 1929-1930,4,,False
708,Ararat Revolt of  1930,5,,False
709,Campaign Against Ibrahim Beg of 1930-1931,5,,False
710,Chinese Civil War phase 1 of 1930-1936,4,,False
711,Kumul Rebellion of 1931-1932,6,,False
711.5,Xinjiang Muslim Revolt of 1931-1934,6,,True
712,Matanza War of 1932,4,,False
712.5,Mongolian Armed Uprising of 1932,5,,True
713,Aprista Revolt of 1932,4,,False
715,Paulista Rebellion of 1932,4,,False
715.6,Xinjiang Hui-Uyghur War of 1933-1934,7,,False
716,Fukien Revolt of 1933-1934,4,,False
717,Spainish Miners War of 1934,4,,False
718,Spanish Civil War of 1936-1939,4,,True
718.5,Dersim Revolt of 1937-1938,4,,False
719,KMT-CCP Clashes of 1939-1941,4,,False
719.6,Weyane Rebellion of 1943,5,,False
719.8,Ili Uprising of 1944-1945,5,,False
720,Greek Civil War round 2  of 1944-1945,4,,True
721,Polish Ukrainians War of 1945-1947,5,,True
722,Ukrainian Partisans War of 1945-1947,5,,False
723,Forest Brethren War of 1945-1949,5,,False
723.5,Chinese Civil War phase 2 of 1945-1950,4,,False
724,Greek Civil War round 3 of 1946-1949,4,,True
726,Taiwan Revolt of 1947,5,,False
727,Paraguay War of 1947,4,,False
728,Sanaa Revolt of 1948,4,,False
730,Costa Rica War of 1948,4,,False
730.5,First Burmese War of 1948-1950,4,,False
731,La Violencia first wave of 1948-1953,4,,False
732.5,Telengana Rebellion of 1948-1950,4,,False
733,Huk Rebellion of 1950-1954,5,,False
734,South Moluccas War of 1950,5,,False
736,Indonesia Darul Islam Rebellion of 1951-1962,4,,False
737,Bolivian National Revolution of 1952,4,,False
739,La Violencia second wave of 1955-1962,4,,False
740,Argentine Military War of 1955,4,,False
740.5,Liangshan Rebellion of 1955-1957,5,,False
741,Tibetan Khamba Rebellion of 1956-1959,5,,False
741.5,Naga Insurgency phase 1 of 1956-1957,5,,False
742,Permesta Rebellion of 1958-1961,4,,False
743,First Lebanese War of 1958,4,,True
745,Cuban Revolution of 1958-1959,4,,False
746,Second Burmese War of 1958-1960,4,,False
747,Mosul Revolt of 1959,4,,False
748,Vietnam War phase 1 of 1960-1965,4,,True
749,First Laotian War of 1960-1968,4,,True
750,First DRC War of 1960-1963,5,,True
752,First Iraqi Kurds War of 1961-1963,5,,True
753,Algerian Revolution of 1962,4,,False
755,North Yemen War of 1962-1970,4,,True
757,First Ogaden War of 1963-1964,5,,True
758,First South Sudan War of 1963-1972,5,,True
760,First Rwanda War of 1963-1964,4,,False
761,Second DRC War of 1964-1965,5,,False
762,Third DRC Rebellion of 1964-1965,4,,True
765,Second Iraqi Kurds War of 1965-1966,5,,False
766,Dominican Republic War of 1965,4,,True
767,Third Burmese War of 1965-1993,4,,True
768,First Uganda War of 1966,5,,False
770,First Guatemala War of 1966-1968,4,,True
771.5,First West Papua War of 1967-1968,5,,False
772,Cultural Revolution phase 1 of 1967,6,,False
775,Biafra War of 1967-1970,5,,False
776,Cultural Revolution phase 2 of 1967-1968,5,,False
776.3,First Chad Rebellion of 1968-1971,4,,True
777,Third Iraqi Kurds War of 1968-1970,5,,False
778,Naxalite Rebellion of 1970-1971,4,,False
780,Black September War of 1970,4,,True
781,Second Guatemala War of 1970-1971,4,,False
782,Pakistan - Bengal War of 1971,5,,True
783,First Sri Lanka-JVP War of 1971,4,,False
785,First Khmer Rouge War of 1971-1975,4,,True
786,First Philippine - Moro War of 1972-1981,5,,False
787,Thai Communist Insurgency of 1972-1973,4,,False
788,Eritrean Split of 1972-1974,7,,False
789,First Burundi War of 1972,4,,False
792,Baluchi Separatists War of 1973-1977,5,,False
793,Chilean Coup of 1973,4,,False
795,Dhofar Rebellion phase 2 of 1973-1975,5,,True
797,Fourth Iraqi  Kurds War of 1974-1975,5,,True
798,Eritrean War of 1975-1979,5,,True
800,Argentine Leftists War of 1975-1976,4,,False
801,Second Lebanese War of 1975-1976,7,,True
803,Second Laotian War of 1976-1979,5,,True
804,Angolan Control War of 1976-1991,4,,True
804.5,Rhodesia War of 1976-1979,4,,False
805,Second Ogaden War phase 1 of 1976-1977,5,,True
805.3,Anti-Nimeiry Revolt of 1976,4,,False
806,East Timorese War phase 3 of 1976-1979,5,,False
806.3,Second West Papua War of 1977-1978,5,,False
806.8,Chad - FAP War of 1977-1978,4,,True
807,Third Lebanese War of 1978,7,,True
808,Second Ogaden War phase 3 of 1978-1980,5,,True
809,Saur Revolution of 1978,4,,False
810,Zaire-FNLC War of 1978,4,,True
811,Third Guatemala War of 1978-1983,4,,False
812,Mujahideen Uprising of 1978-1980,4,,True
815,Sandinista Rebellion of 1978-1979,4,,False
815.5,Iranian Islamic Revolution of 1978-1979,4,,False
816,Anti-Khomeini Coalition War of 1979-1983,4,,False
817,El Salvador War of 1979-1992,4,,False
820,Chad - FAN War of 1980-1984,5,,True
823,Nigeria - Muslim War of 1980-1981,5,,False
824,First Philippines - NPA War of 1981-1992,4,,False
825,Mozambique War of 1981-1992,4,,True
826,Tigrean & Eritrean War of 1982-1991,5,,False
826.5,Hama Uprising of 1982,4,,False
828,Contra War of 1982-1988,4,,False
828.3,Uganda-NRA War of 1982-1986,4,,False
829,Shining Path War of 1982-1992,4,,False
833,Fourth Lebanese War of 1983-1984,4,,True
834,Second South Sudan War of 1983-2002,4,,True
835,First Sri Lanka Tamil War of 1983-1987,5,,False
837,Indian Golden Temple War of 1984,5,,False
838, First Turkish Kurds War of 1984-1986,5,,False
840,Fifth Iraqi  Kurds War of 1985-1988,5,,True
842,South Yemen War of 1986,4,,False
843,Holy Spirit Movement War of 1986-1987,4,,False
845,Second Sri Lanka-JVP War of 1987-1989,4,,False
845.5,Fourth Guatemala of 1987 to 1990,4,,False
846,Inkatha-ANC War of 1987-1994,7,,False
848,First Somalia War of 1988-1991,4,,False
849,FARC/ELN War of 1988-present,4,,False
850,Fifth Lebanese War of 1989-1990,4,,True
851,Second Afghan Civil War of 1989-1992,4,,False
852,Chad - Deby War of 1989-1990,4,,False
853,Punjab Rebellion of 1989-1993,5,,False
854,Second Khmer Rouge War of 1989-1991,4,,False
856,Romanian War of 1989,4,,False
857,First Liberian War of 1989-1990,4,,True
858,First Aceh War of 1990-1991,5,,False
859,Second Sri Lanka Tamil War of 1990-2001,5,,False
860,Bougainville Secessionist War of 1990-1991,5,,False
862,Iraqi Shiite Rebellion of 1991,4,,False
862.1,Sixth Iraqi Kurds War of 1991,5,,False
863,First Sierra Leone War of 1991-1996,4,,True
864,Croatian Independence War of 1991-1992,5,,False
865,Turkey-PKK War of 1991-1999,5,,False
865.8,Second Somalia War of 1991-1997,4,,True
866,SPLM/A Division (Dinka-Nuer) War of 1991-1992,7,,False
868,Jukun - Tiv War of 1991-1992,7,,False
871,Georgia War of 1991-1993,4,,False
872,Nagorno-Karabakh War of 1991-1993,5,,True
873,Dniestrian Independence War of 1991-1992,5,,True
874,Kashmir Insurgency of 1992-2005,5,,False
874.5,First Somaliland War of 1992,7,,False
875,Algeria's Islamic Front War of 1992-2002,4,,False
876,Tajikistan War of 1992-1997,4,,True
877,Bosnian-Serb Rebellion of 1992-1995,5,,True
877.5,Afghanistan Post-Communist War of 1992-2001,4,,False
878,Abkhazia Revolt of 1992-1994,5,,True
879,Second Liberian War of 1992-1996,4,,True
880,Angolan War of the Cities of 1992-1994,4,,False
881,Third Khmer Rouge War of 1993-1998,4,,False
882,Masisi War of 1993,7,,False
883,Second Burundi War of 1993-1998,4,,False
885,South Yemeni Secessionist Revolt of 1994,5,,False
886,Second Rwanda War of 1994,4,,False
887,First Iraqi Kurds Internecine War of 1994-1995,7,,False
887.5,Second Somaliland War of 1994 to 1995,7,,False
888,First Chechnya War of 1994-1996,5,,False
891,Croatia-Krajina War of 1995,5,,False
893,Seventh Iraqi Kurds War of 1996,5,,False
895,Zaire - AFDL War of 1996-1997,4,,True
896,Third Rwanda War of 1997-1998,4,,False
897,First Congo-Brazzaville War of 1997,4,,True
897.5,Second Iraqi Kurds Internecine War of 1997,7,,False
898,Second Sierra Leone War of 1998-2000,4,,True
900,Kosovo Independence War of 1998-1999,5,,False
902,Guinea-Bissau Military War of 1998-1999,4,,True
905,Africa's World War of 1998-2002,4,,True
906,Chad-Togoimi Revolt of 1998-2000,4,,False
907,Third Angolan War of 1998-2002,4,,True
908,Second Congo-Brazzaville War of 1998-1999,4,,True
910,Maluku War of 1999-2002,7,,False
912,Second Aceh War of 1999-2004,5,,False
913,Oromo Liberation War of 1999,5,,False
915,Second Chechen War of 1999-2003,5,,False
916,Second Philippine-Moro War of 2000-2001,5,,False
917,Guinean War of 2000-2001,4,,False
918,Third Burundi War of 2001-2003,4,,True
920,Fourth Rwanda War of 2001,4,,False
921,Nepal Maoist Insurgency of 2001-2006,4,,False
922,Liberia-LURD War of 2002-2003,4,,False
925,Cote d'Ivoire Military War of 2002-2003,4,,True
926,Third Philippine-Moro War of 2003,5,,False
927,Darfur Rebellion of 2003-2006,5,,False
932,First Waziristan War of 2004-2006,5,,True
933,Second Nigeria Christian - Muslim War of 2004,7,,False
935,First Al-Houthi Rebellion of 2004-2005,4,,False
936,Second Philippine - NPA War of 2005-2006,4,,False
937,Chad-United Opposition War of 2005-2008,4,,True
940,Third Sri Lanka Tamil War of 2006-2009,5,,False
940.8,Third Somalia War of 2006-2012,4,,True
941,Second Al-Houthi Rebellion of 2007-2008,4,,False
942,Second Waziristan War of 2007-present,5,,True
971,Iraqi Sunni Revolt of 2010-2014,4,,True
973,Second Cote d'Ivoire War of 2011,4,,True
976,Libyan Civil War of 2011,4,,True
978,Sudan Revolutionary Front Rebellion of 2011-present,4,,False
979,Syrian Arab Spring War of 2011 to present,4,,True
980,Kachin Rebellion of 2011-2013,5,,False
985,North Mali War of 2012-2013,5,,True
990,Central African Republic War of 2012-2013,4,,True
990.4,Boko Haram in Nigeria of 2013 - present,4,,True
991,South Sudan War of 2013 to present,4,,True
991.4,Afghan-Taliban War of 2014-ongoing,4,,True
991.5,ISIS-al Nusra Front War of 2014,7,,False
992,Third Al-Houthi Rebellion of 2014-present,4,,False
992.5,Somali-Al-Shabaab war of 2014-present,4,,True
993,Donbas War of 2014-present,5,,True
994,Second Libyan Civil War of 2014-present,4,,False
997,Rada'a War of 2014-present,7,,False
300,Allied Bombardment of Algiers,3,True,
301,Ottoman-Wahhabi,3,False,
302,Liberation of Chile,2,False,
303,First Bolivar Expedition,2,False,
304,Mexican Independence,2,False,
305,British-Kandyan,2,False,
306,British-Maratha,2,False,
307,Ottoman Conquest of Sudan,3,False,
308,Second Bolivar Expedition,2,False,
309,Turco-Persian,3,False,
310,First British-Burmese,3,False,
311,First British-Ashanti,3,False,
312,Liberation of Peru,2,False,
313,Dutch - Javanese,2,False,
314,British-Bharatpuran,2,False,
315,Brazil-Argentine,3,False,
316,Russo-Persian,3,False,
317,Spanish Reconquest of Mexico,3,False,
319,French Occupation of Algiers,3,False,
320,Ottoman-Bilmez-Asiri War,3,False,
321,First British-Zulu,3,False,
322,First British-Afghan,3,False,
323,First Opium,3,False,
324,First Franco-Algerian,3,False,
325,Peru-Bolivian,3,False,
326,British-Sind,3,False,
327,Uruguay War,3,True,
329,Gwalior,3,False,
330,Franco-Moroccan,3,False,
331,First British-Sikh,3,False,
332,Cracow Revolt,3,True,
333,First British-Xhosa,3,False,
334,First Dutch-Bali,3,False,
335,Second British-Sikh,3,False,
336,Chinese Pirates,3,False,
337,Second British-Xhosa,2,False,
338,Ottoman-Yam,3,False,
339,Second British-Burmese,3,False,
340,French-Tukulor War,3,False,
341,British-Santal,2,False,
342,Hodeida Seige,2,False,
343,Second Opium,3,True,
345,French Conquest of Kabylia,2,False,
347,Indian Mutiny,2,False,
349,First Franco-Vietnamese,3,False,
350,Netherlands-Bone,3,False,
351,Argentine-Buenos Aires,3,False,
352,Garibaldi Expedition,3,False,
353,Spanish-Santo Dominican,2,False,
355,British-Maori,2,False,
356,Shimonoseki War,3,True,
357,British Umbeyla Campaign,3,False,
359,Russian-Kokand,3,False,
360,British-Bhutanese,3,False,
361,Russian-Bukharan,3,False,
362,British-Ethiopian,3,False,
363,First Spanish-Cuban,2,False,
364,Attack on Bahr el-Ghazal,3,False,
365,Ottoman Conquest of Arabia,3,False,
366,Second Franco-Algerian,2,False,
367,Second British-Ashanti,3,False,
369,Second Franco-Vietnamese,3,False,
370,First Dutch-Achinese,3,False,
371,Kokand Rebellion,3,False,
372,Egyptian-Ethiopian,3,False,
373,Serbian-Turkish,3,False,
374,Third British-Xhosa,2,False,
375,Egypt-Sudanese Slavers,3,False,
376,Russo-Turkoman,3,False,
377,Austrian-Bosnian,3,False,
379,Second British-Afghan,3,False,
380,Second British-Zulu,3,False,
381,Gun War,2,False,
382,First Boer War,2,False,
383,Franco-Tunisian,3,False,
384,First British-Mahdi,2,True,
385,Third Franco-Vietnamese,3,True,
386,First Franco-Madagascan,3,False,
387,Third British-Burmese,3,False,
389,French-Mandinka,3,False,
390,Russo-Afghan,3,False,
391,Serbian-Bulgarian,3,False,
392,First Italian-Ethiopian,3,False,
393,Zambezi Conquest,3,False,
394,First Franco-Dahomeyan,3,False,
395,Franco-Jolof,3,False,
396,Second Franco-Dahomeyan,3,False,
397,Belgian-Tib,3,False,
398,Third British-Ashanti,3,False,
399,Melilla War,3,False,
400,Mahdist-Italian,3,False,
401,Second Franco-Madagascan,3,False,
402,Second Dutch-Bali,3,False,
403,Portuguese-Gaza Empire,3,False,
404,Second Spanish-Cuban,2,False,
405,Japan-Taiwanese,2,False,
406,Mazrui Rebellion,3,False,
407,Second Italian-Ethiopian,3,False,
409,Second British-Mahdi,3,False,
410,Spanish-Philippine,2,False,
411,British-South Nigerian,3,False,
412,British-Pathan,2,False,
413,Hut Tax,2,False,
414,American-Philippine,2,False,
415,French Conquest of Chad,3,False,
416,Second Boer War,3,False,
417,Last Ashanti War,3,False,
419,Somali Rebellion,2,True,
420,Bailundu Revolt,3,False,
421,Kuanhama Rebellion,3,False,
422,British Conquest of Kano & Sokoto,3,False,
423,South West African Revolt,2,False,
424,Second Dutch-Achinese,2,False,
425,Younghusband Expedition,3,False,
426,Maji-Maji Revolt,2,False,
427,Sokoto Uprising,2,False,
429,Third British-Zulu,2,False,
430,Dembos War,3,False,
431,Anti-Foreign Revolt,3,False,
432,Japan-Korean Guerrillas,2,False,
433,French Conquest of Wadai,3,False,
434,French-Berber,2,False,
435,First Sino-Tibetan,2,False,
436,Moroccan Berber,2,True,
437,Moro Rebellion,2,False,
440,Second Sino-Tibetan,3,False,
441,Caco Revolt,2,False,
442,Third British-Afghan,3,False,
443,First British-Waziristan,3,False,
444,Franco-Syrian,3,False,
445,Iraqi-British,2,False,
446,Conquest of Mongolia,3,True,
447,Italian-Sanusi,2,False,
449,Rif Rebellion,2,True,
450,Moplah Rebellion,2,False,
451,Franco-Druze,2,False,
452,Yen Bai Uprising,2,False,
453,Saya San's Rebellion,2,False,
454,British-Palestinian,2,False,
455,Second British-Waziristan,3,False,
456,Indonesian,2,True,
457,French-Indochina,2,False,
459,Third Franco-Madagascan,2,False,
460,Malayan Rebellion,2,False,
461,Indo-Hyderabad,3,False,
462,Third Sino-Tibetan,3,False,
463,Franco-Tunisian,2,False,
464,British-Mau Mau,2,False,
465,Moroccan Independence,2,False,
466,Third Franco-Algerian,2,False,
467,French-Cameroon,2,False,
469,Angolan-Portuguese,2,False,
471,Mozambique-Portuguese,2,False,
472,"East Timorese, Phase 2",3,False,
473,Namibian,2,False,
474,Western Saharan,3,True,
475,Khmer Insurgency,3,True,
476,Soviet Quagmire,3,True,
477,First PKK in Iraq,3,False,
479,Second PKK in Iraq,3,False,
480,Al Aqsa Intifada,2,False,
481,Afghan Resistance,3,True,
482,Iraqi Resistance,3,True,
1500,First Maori Tribal War,8,,
1501,Shaka Zulu-Bantu War,8,,
1502,Burma-Assam War,8,,
1503,Buenos Aires War,8,,
1505,Second Maori Tribal War,8,,
1506,Siam-Kedah War,8,,
1508,China-Kashgaria War,8,,
1509,Mexico-Yaqui Indian War,8,,
1510,Central American Confederation War,8,,
1511,Viang Chan- Siamese War,8,,
1512,Peru-Gran Colombia War,8,,
1513,Argentine War for Unity,8,,
1514,Sayyid Said War,8,,
1515,China-Kokand War,8,,
1516,Siam-Cambodia-Vietnam War,8,,
1518,Argentina-Ranqueles Indian War,8,,
1520,Bolivia Conquest of Peru,8,,
1521,Boer-Matabele War,8,,
1523,Dissolution of the Bolivia-Peru Confederation,8,,
1524,Persian Siege of Heart,8,,
1525,Boer-Zulu War,8,,
1527,Anti-Rosas War,8,,
1528,Dissolution of  the Central American Confederation,8,,
1530,Dogra-Tibet War,8,,
1531,First Haiti-Santo Domingo War,8,,
1533,War of  Seven Khojas,8,,
1534,Taiping Rebellion Phase 1,8,,
1535,First Tukulor War,8,,
1536,Kashmir-Dards of Chilas War,8,,
1537,Han-Miao War Phase 1,8,,
1538,Second Haiti-Santo Domingo War,8,,
1539,Han-Nien War,8,,
1540,Filibuster War,8,,
1541,Han-Panthay War Phase 1,8,,
1542,First Zulu Internecine War,8,,
1543,Kucha and Khoja Uprising,8,,
1544,First Boer-Basuto War,8,,
1545,First Ethiopian War,8,,
1546,Second Tukulor War,8,,
1548,Transvaal War,8,,
1550,Central American War,8,,
1551,First Australian Aboriginal War,8,,
1552,Second Boer-Basuto War,8,,
1553,Second Ethiopian War,8,,
1554,Uruguay Colorados-Blancos War,8,,
1556,Second Zulu Internecine War,8,,
1557,Oman-Ibadi War,8,,
1558,Second Australian Aboriginal War,8,,
1559,Ethiopia-Mahdi War,8,,
1560,German East Africa Company War,8,,
1561,Rabih Zubayr-Bornu War,8,,
1567,First Nejd-Hejaz War,8,,
1568,Second Nejd-Hejaz War,8,,
1570,Partition Communal War,8,,
1571,Hyderabad War,8,,
1572,Palestine War,8,,
1573,Cheju Rebellion,8,,
1574,Rwandan Social Revolution,8,,
1577,Dhofar Rebellion Phase 1,8,,
1581,Angola Guerilla War,8,,
1582,East Timorese War Phase 1,8,,
1594,Hemda-Lendu War,9,,
